city,state,country,magicbricks_url
Port Blair,Andaman and Nicobar Islands,India,https://www.magicbricks.com/builders-in-port-blair
Chirala,Andhra Pradesh,India,https://www.magicbricks.com/builders-in-chirala
Guntur,Andhra Pradesh,India,https://www.magicbricks.com/builders-in-guntur
Hindupur,Andhra Pradesh,India,https://www.magicbricks.com/builders-in-hindupur
Kagaznagar,Andhra Pradesh,India,https://www.magicbricks.com/builders-in-kagaznagar
Kakinada,Andhra Pradesh,India,https://www.magicbricks.com/builders-in-kakinada
Kurnool,Andhra Pradesh,India,https://www.magicbricks.com/builders-in-kurnool
Machilipatnam,Andhra Pradesh,India,https://www.magicbricks.com/builders-in-machilipatnam
Nandyal,Andhra Pradesh,India,https://www.magicbricks.com/builders-in-nandyal
Nellore,Andhra Pradesh,India,https://www.magicbricks.com/builders-in-nellore
Ongole,Andhra Pradesh,India,https://www.magicbricks.com/builders-in-ongole
Proddatur,Andhra Pradesh,India,https://www.magicbricks.com/builders-in-proddatur
Rajahmundry,Andhra Pradesh,India,https://www.magicbricks.com/builders-in-rajahmundry
Tirupati,Andhra Pradesh,India,https://www.magicbricks.com/builders-in-tirupati
Vishakhapatnam,Andhra Pradesh,India,https://www.magicbricks.com/builders-in-vishakhapatnam
Vizianagaram,Andhra Pradesh,India,https://www.magicbricks.com/builders-in-vizianagaram
Itanagar,Arunachal Pradesh,India,https://www.magicbricks.com/builders-in-itanagar
Dibrugarh,Assam,India,https://www.magicbricks.com/builders-in-dibrugarh
Dispur,Assam,India,https://www.magicbricks.com/builders-in-dispur
Guwahati,Assam,India,https://www.magicbricks.com/builders-in-guwahati
Jorhat,Assam,India,https://www.magicbricks.com/builders-in-jorhat
Silchar,Assam,India,https://www.magicbricks.com/builders-in-silchar
Tezpur,Assam,India,https://www.magicbricks.com/builders-in-tezpur
Aurangabad,Bihar,India,https://www.magicbricks.com/builders-in-aurangabad
Bhagalpur,Bihar,India,https://www.magicbricks.com/builders-in-bhagalpur
Gaya,Bihar,India,https://www.magicbricks.com/builders-in-gaya
Muzaffarpur,Bihar,India,https://www.magicbricks.com/builders-in-muzaffarpur
Patna,Bihar,India,https://www.magicbricks.com/builders-in-patna
Purnea,Bihar,India,https://www.magicbricks.com/builders-in-purnea
Chandigarh,Chandigarh,India,https://www.magicbricks.com/builders-in-chandigarh
Bhilai,Chhattisgarh,India,https://www.magicbricks.com/builders-in-bhilai
Bilaspur,Chhattisgarh,India,https://www.magicbricks.com/builders-in-bilaspur
Raipur,Chhattisgarh,India,https://www.magicbricks.com/builders-in-raipur
Silvassa,Dadra and Nagar Haveli,India,https://www.magicbricks.com/builders-in-silvassa
Daman,Daman and Diu,India,https://www.magicbricks.com/builders-in-daman
Diu,Daman and Diu,India,https://www.magicbricks.com/builders-in-diu
Delhi,Delhi,India,https://www.magicbricks.com/builders-in-delhi
New Delhi,Delhi,India,https://www.magicbricks.com/builders-in-new-delhi
Panaji,Goa,India,https://www.magicbricks.com/builders-in-panaji
Ahmedabad,Gujarat,India,https://www.magicbricks.com/builders-in-ahmedabad
Bhavnagar,Gujarat,India,https://www.magicbricks.com/builders-in-bhavnagar
Bhuj,Gujarat,India,https://www.magicbricks.com/builders-in-bhuj
Ghandinagar,Gujarat,India,https://www.magicbricks.com/builders-in-ghandinagar
Navsari,Gujarat,India,https://www.magicbricks.com/builders-in-navsari
Porbandar,Gujarat,India,https://www.magicbricks.com/builders-in-porbandar
Rajkot,Gujarat,India,https://www.magicbricks.com/builders-in-rajkot
Surat,Gujarat,India,https://www.magicbricks.com/builders-in-surat
Vadodara,Gujarat,India,https://www.magicbricks.com/builders-in-vadodara
Ambala,Haryana,India,https://www.magicbricks.com/builders-in-ambala
Bhiwani,Haryana,India,https://www.magicbricks.com/builders-in-bhiwani
Faridabad,Haryana,India,https://www.magicbricks.com/builders-in-faridabad
Gurugram,Haryana,India,https://www.magicbricks.com/builders-in-gurugram
Hisar,Haryana,India,https://www.magicbricks.com/builders-in-hisar
Karnal,Haryana,India,https://www.magicbricks.com/builders-in-karnal
Panchkula,Haryana,India,https://www.magicbricks.com/builders-in-panchkula
Panipat,Haryana,India,https://www.magicbricks.com/builders-in-panipat
Rohtak,Haryana,India,https://www.magicbricks.com/builders-in-rohtak
Sirsa,Haryana,India,https://www.magicbricks.com/builders-in-sirsa
Sonipat,Haryana,India,https://www.magicbricks.com/builders-in-sonipat
Shimla,Himachal Pradesh,India,https://www.magicbricks.com/builders-in-shimla
Baramula,Jammu and Kashmir,India,https://www.magicbricks.com/builders-in-baramula
Jammu,Jammu and Kashmir,India,https://www.magicbricks.com/builders-in-jammu
Saidpur,Jammu and Kashmir,India,https://www.magicbricks.com/builders-in-saidpur
Srinagar,Jammu and Kashmir,India,https://www.magicbricks.com/builders-in-srinagar
Dhanbad,Jharkhand,India,https://www.magicbricks.com/builders-in-dhanbad
Jamshedpur,Jharkhand,India,https://www.magicbricks.com/builders-in-jamshedpur
Ranchi,Jharkhand,India,https://www.magicbricks.com/builders-in-ranchi
Jorapokhar,Jharkhand,India,https://www.magicbricks.com/builders-in-jorapokhar
Belgaum,Karnataka,India,https://www.magicbricks.com/builders-in-belgaum
Bellary,Karnataka,India,https://www.magicbricks.com/builders-in-bellary
Bengaluru,Karnataka,India,https://www.magicbricks.com/builders-in-bengaluru
Bidar,Karnataka,India,https://www.magicbricks.com/builders-in-bidar
Bijapur,Karnataka,India,https://www.magicbricks.com/builders-in-bijapur
Chikka Mandya,Karnataka,India,https://www.magicbricks.com/builders-in-chikka-mandya
Davangere,Karnataka,India,https://www.magicbricks.com/builders-in-davangere
Gulbarga,Karnataka,India,https://www.magicbricks.com/builders-in-gulbarga
Hospet,Karnataka,India,https://www.magicbricks.com/builders-in-hospet
Hubli,Karnataka,India,https://www.magicbricks.com/builders-in-hubli
Kolar,Karnataka,India,https://www.magicbricks.com/builders-in-kolar
Mangalore,Karnataka,India,https://www.magicbricks.com/builders-in-mangalore
Mysore,Karnataka,India,https://www.magicbricks.com/builders-in-mysore
Raichur,Karnataka,India,https://www.magicbricks.com/builders-in-raichur
Shimoga,Karnataka,India,https://www.magicbricks.com/builders-in-shimoga
Alappuzha,Kerala,India,https://www.magicbricks.com/builders-in-alappuzha
Calicut,Kerala,India,https://www.magicbricks.com/builders-in-calicut
Kochi,Kerala,India,https://www.magicbricks.com/builders-in-kochi
Kollam,Kerala,India,https://www.magicbricks.com/builders-in-kollam
Thiruvananthapuram,Kerala,India,https://www.magicbricks.com/builders-in-thiruvananthapuram
Kavaratti,Lakshadweep,India,https://www.magicbricks.com/builders-in-kavaratti
Bhopal,Madhya Pradesh,India,https://www.magicbricks.com/builders-in-bhopal
Gwalior,Madhya Pradesh,India,https://www.magicbricks.com/builders-in-gwalior
Indore,Madhya Pradesh,India,https://www.magicbricks.com/builders-in-indore
Jabalpur,Madhya Pradesh,India,https://www.magicbricks.com/builders-in-jabalpur
Ratlam,Madhya Pradesh,India,https://www.magicbricks.com/builders-in-ratlam
Saugor,Madhya Pradesh,India,https://www.magicbricks.com/builders-in-saugor
Ujjain,Madhya Pradesh,India,https://www.magicbricks.com/builders-in-ujjain
Ahmadnagar,Maharashtra,India,https://www.magicbricks.com/builders-in-ahmadnagar
Akola,Maharashtra,India,https://www.magicbricks.com/builders-in-akola
Amaravati,Maharashtra,India,https://www.magicbricks.com/builders-in-amaravati
Aurangabad,Maharashtra,India,https://www.magicbricks.com/builders-in-aurangabad
Bhiwandi,Maharashtra,India,https://www.magicbricks.com/builders-in-bhiwandi
Bhusaval,Maharashtra,India,https://www.magicbricks.com/builders-in-bhusaval
Chanda,Maharashtra,India,https://www.magicbricks.com/builders-in-chanda
Kalyan,Maharashtra,India,https://www.magicbricks.com/builders-in-kalyan
Khanapur,Maharashtra,India,https://www.magicbricks.com/builders-in-khanapur
Kolhapur,Maharashtra,India,https://www.magicbricks.com/builders-in-kolhapur
Latur,Maharashtra,India,https://www.magicbricks.com/builders-in-latur
Malegaon Camp,Maharashtra,India,https://www.magicbricks.com/builders-in-malegaon-camp
Mumbai,Maharashtra,India,https://www.magicbricks.com/builders-in-mumbai
Nanded,Maharashtra,India,https://www.magicbricks.com/builders-in-nanded
Nasik,Maharashtra,India,https://www.magicbricks.com/builders-in-nasik
Parbhani,Maharashtra,India,https://www.magicbricks.com/builders-in-parbhani
Pune,Maharashtra,India,https://www.magicbricks.com/builders-in-pune
Sangli,Maharashtra,India,https://www.magicbricks.com/builders-in-sangli
Imphal,Manipur,India,https://www.magicbricks.com/builders-in-imphal
Shillong,Meghalaya,India,https://www.magicbricks.com/builders-in-shillong
Aizawl,Mizoram,India,https://www.magicbricks.com/builders-in-aizawl
Kohima,Nagaland,India,https://www.magicbricks.com/builders-in-kohima
Bhubaneshwar,Odisha,India,https://www.magicbricks.com/builders-in-bhubaneshwar
Brahmapur,Odisha,India,https://www.magicbricks.com/builders-in-brahmapur
Cuttack,Odisha,India,https://www.magicbricks.com/builders-in-cuttack
Puri,Odisha,India,https://www.magicbricks.com/builders-in-puri
Raurkela,Odisha,India,https://www.magicbricks.com/builders-in-raurkela
Samlaipadar,Odisha,India,https://www.magicbricks.com/builders-in-samlaipadar
Brajrajnagar,Odisha,India,https://www.magicbricks.com/builders-in-brajrajnagar
Talcher,Odisha,India,https://www.magicbricks.com/builders-in-talcher
Puducherry,Puducherry,India,https://www.magicbricks.com/builders-in-puducherry
Abohar,Punjab,India,https://www.magicbricks.com/builders-in-abohar
Amritsar,Punjab,India,https://www.magicbricks.com/builders-in-amritsar
Haripur,Punjab,India,https://www.magicbricks.com/builders-in-haripur
Ludhiana,Punjab,India,https://www.magicbricks.com/builders-in-ludhiana
Pathankot,Punjab,India,https://www.magicbricks.com/builders-in-pathankot
Patiala,Punjab,India,https://www.magicbricks.com/builders-in-patiala
Ajmer,Rajasthan,India,https://www.magicbricks.com/builders-in-ajmer
Alwar,Rajasthan,India,https://www.magicbricks.com/builders-in-alwar
Bharatpur,Rajasthan,India,https://www.magicbricks.com/builders-in-bharatpur
Bhilwara,Rajasthan,India,https://www.magicbricks.com/builders-in-bhilwara
Bikaner,Rajasthan,India,https://www.magicbricks.com/builders-in-bikaner
Jaipur,Rajasthan,India,https://www.magicbricks.com/builders-in-jaipur
Jodhpur,Rajasthan,India,https://www.magicbricks.com/builders-in-jodhpur
Kota,Rajasthan,India,https://www.magicbricks.com/builders-in-kota
Pali,Rajasthan,India,https://www.magicbricks.com/builders-in-pali
Rampura,Rajasthan,India,https://www.magicbricks.com/builders-in-rampura
Sikar,Rajasthan,India,https://www.magicbricks.com/builders-in-sikar
Tonk,Rajasthan,India,https://www.magicbricks.com/builders-in-tonk
Udaipur,Rajasthan,India,https://www.magicbricks.com/builders-in-udaipur
Gangtok,Sikkim,India,https://www.magicbricks.com/builders-in-gangtok
Chennai,Tamil Nadu,India,https://www.magicbricks.com/builders-in-chennai
Coimbatore,Tamil Nadu,India,https://www.magicbricks.com/builders-in-coimbatore
Cuddalore,Tamil Nadu,India,https://www.magicbricks.com/builders-in-cuddalore
Dindigul,Tamil Nadu,India,https://www.magicbricks.com/builders-in-dindigul
Karur,Tamil Nadu,India,https://www.magicbricks.com/builders-in-karur
Krishnapuram,Tamil Nadu,India,https://www.magicbricks.com/builders-in-krishnapuram
Kumbakonam,Tamil Nadu,India,https://www.magicbricks.com/builders-in-kumbakonam
Madurai,Tamil Nadu,India,https://www.magicbricks.com/builders-in-madurai
Nagercoil,Tamil Nadu,India,https://www.magicbricks.com/builders-in-nagercoil
Rajapalaiyam,Tamil Nadu,India,https://www.magicbricks.com/builders-in-rajapalaiyam
Salem,Tamil Nadu,India,https://www.magicbricks.com/builders-in-salem
Thanjavur,Tamil Nadu,India,https://www.magicbricks.com/builders-in-thanjavur
Tiruchchirappalli,Tamil Nadu,India,https://www.magicbricks.com/builders-in-tiruchchirappalli
Tirunelveli,Tamil Nadu,India,https://www.magicbricks.com/builders-in-tirunelveli
Tiruvannamalai,Tamil Nadu,India,https://www.magicbricks.com/builders-in-tiruvannamalai
Tuticorin,Tamil Nadu,India,https://www.magicbricks.com/builders-in-tuticorin
Valparai,Tamil Nadu,India,https://www.magicbricks.com/builders-in-valparai
Vellore,Tamil Nadu,India,https://www.magicbricks.com/builders-in-vellore
Adilabad,Telangana,India,https://www.magicbricks.com/builders-in-adilabad
Hyderabad,Telangana,India,https://www.magicbricks.com/builders-in-hyderabad
Karimnagar,Telangana,India,https://www.magicbricks.com/builders-in-karimnagar
Khammam,Telangana,India,https://www.magicbricks.com/builders-in-khammam
Mahabubnagar,Telangana,India,https://www.magicbricks.com/builders-in-mahabubnagar
Nalgonda,Telangana,India,https://www.magicbricks.com/builders-in-nalgonda
Nizamabad,Telangana,India,https://www.magicbricks.com/builders-in-nizamabad
Ramagundam,Telangana,India,https://www.magicbricks.com/builders-in-ramagundam
Warangal,Telangana,India,https://www.magicbricks.com/builders-in-warangal
Agartala,Tripura,India,https://www.magicbricks.com/builders-in-agartala
Agra,Uttar Pradesh,India,https://www.magicbricks.com/builders-in-agra
Aligarh,Uttar Pradesh,India,https://www.magicbricks.com/builders-in-aligarh
Allahabad,Uttar Pradesh,India,https://www.magicbricks.com/builders-in-allahabad
Bakshpur,Uttar Pradesh,India,https://www.magicbricks.com/builders-in-bakshpur
Bamanpuri,Uttar Pradesh,India,https://www.magicbricks.com/builders-in-bamanpuri
Bareilly,Uttar Pradesh,India,https://www.magicbricks.com/builders-in-bareilly
Bharauri,Uttar Pradesh,India,https://www.magicbricks.com/builders-in-bharauri
Budaun,Uttar Pradesh,India,https://www.magicbricks.com/builders-in-budaun
Bulandshahr,Uttar Pradesh,India,https://www.magicbricks.com/builders-in-bulandshahr
Firozabad,Uttar Pradesh,India,https://www.magicbricks.com/builders-in-firozabad
Fyzabad,Uttar Pradesh,India,https://www.magicbricks.com/builders-in-fyzabad
Ghaziabad,Uttar Pradesh,India,https://www.magicbricks.com/builders-in-ghaziabad
Gopalpur,Uttar Pradesh,India,https://www.magicbricks.com/builders-in-gopalpur
Hapur,Uttar Pradesh,India,https://www.magicbricks.com/builders-in-hapur
Hata,Uttar Pradesh,India,https://www.magicbricks.com/builders-in-hata
Jhansi,Uttar Pradesh,India,https://www.magicbricks.com/builders-in-jhansi
Lucknow,Uttar Pradesh,India,https://www.magicbricks.com/builders-in-lucknow
Mathura,Uttar Pradesh,India,https://www.magicbricks.com/builders-in-mathura
Meerut,Uttar Pradesh,India,https://www.magicbricks.com/builders-in-meerut
Mirzapur,Uttar Pradesh,India,https://www.magicbricks.com/builders-in-mirzapur
Moradabad,Uttar Pradesh,India,https://www.magicbricks.com/builders-in-moradabad
Muzaffarnagar,Uttar Pradesh,India,https://www.magicbricks.com/builders-in-muzaffarnagar
Pilibhit,Uttar Pradesh,India,https://www.magicbricks.com/builders-in-pilibhit
Saharanpur,Uttar Pradesh,India,https://www.magicbricks.com/builders-in-saharanpur
Saidapur,Uttar Pradesh,India,https://www.magicbricks.com/builders-in-saidapur
Shahbazpur,Uttar Pradesh,India,https://www.magicbricks.com/builders-in-shahbazpur
Tharati Etawah,Uttar Pradesh,India,https://www.magicbricks.com/builders-in-tharati-etawah
Varanasi,Uttar Pradesh,India,https://www.magicbricks.com/builders-in-varanasi
DehraDun,Uttarakhand,India,https://www.magicbricks.com/builders-in-dehradun
Alipurduar,West Bengal,India,https://www.magicbricks.com/builders-in-alipurduar
Asansol,West Bengal,India,https://www.magicbricks.com/builders-in-asansol
Barddhaman,West Bengal,India,https://www.magicbricks.com/builders-in-barddhaman
Bhatpara,West Bengal,India,https://www.magicbricks.com/builders-in-bhatpara
Haldia,West Bengal,India,https://www.magicbricks.com/builders-in-haldia
Haora,West Bengal,India,https://www.magicbricks.com/builders-in-haora
Kolkata,West Bengal,India,https://www.magicbricks.com/builders-in-kolkata
Krishnanagar,West Bengal,India,https://www.magicbricks.com/builders-in-krishnanagar
Shiliguri,West Bengal,India,https://www.magicbricks.com/builders-in-shiliguri
